task,model,cv_metric_1,cv_mean_1,cv_sd_1,cv_metric_2,cv_mean_2,cv_sd_2
Regression,Random Forest Regressor,RMSE,96.38025634032412,5.67734819529093,R2,0.031817827078156814,0.057862000136671116
Classification,Random Forest Classifier,ROC-AUC,0.5843743927203483,0.03152259023119055,F1,0.29705784493768317,0.014988618969231192
Classification,Logistic Regression,ROC-AUC,0.5971163512234654,0.02112250237206736,F1,0.39698046169498385,0.014990207800490924
