model,accuracy,precision,recall,f1,roc_auc
Random Forest Classifier,0.7159487776484285,0.41818181818181815,0.31797235023041476,0.3612565445026178,0.6221341717271776
Logistic Regression,0.5308498253783469,0.30462184873949577,0.6682027649769585,0.4184704184704185,0.609084514119184
XGBoost Classifier,0.7345750873108265,0.4153846153846154,0.12442396313364056,0.19148936170212766,0.5941075555938383
Decision Tree Classifier,0.610011641443539,0.25,0.271889400921659,0.26048565121412803,0.5301405458173623
