model,accuracy,precision,recall,f1,roc_auc
Random Forest Classifier,0.7159487776484285,0.41818181818181815,0.31797235023041476,0.3612565445026178,0.6221341717271776
Logistic Regression,0.5308498253783469,0.30462184873949577,0.6682027649769585,0.4184704184704185,0.609084514119184
