year,calendar_days,incident_days,coverage_pct
2014,365,365,100.0
2015,365,365,100.0
2016,366,366,100.0
2017,365,151,41.369863013698634
2018,365,31,8.493150684931507
2019,365,31,8.493150684931507
2020,366,31,8.469945355191257
2021,365,31,8.493150684931507
2022,365,365,100.0
2023,365,365,100.0
2024,366,366,100.0
2025,365,365,100.0
2026,31,31,100.0
