model,accuracy,precision,recall,f1,roc_auc
Logistic Regression,0.5871698113207547,0.31986531986531985,0.5705705705705706,0.4099244875943905,0.6136479221156641
XGBoost Classifier,0.7396226415094339,0.43333333333333335,0.11711711711711711,0.18439716312056736,0.5984664099583453
Random Forest Classifier,0.6890566037735849,0.3642611683848797,0.3183183183183183,0.33974358974358976,0.5976097064806742
Decision Tree Classifier,0.5124528301886793,0.2954248366013072,0.6786786786786787,0.4116575591985428,0.5830956965029545
