model,r2,rmse,mae
Random Forest Regressor,0.06745552649434516,105.39010900206824,79.22839726022868
Linear Regression,0.047022763706333626,106.53844182739667,79.46861454089668
XGBoost Regressor,0.039089532850006825,106.98097199130872,80.52736143867925
Decision Tree Regressor,0.0009277533879882283,109.08462041571985,81.72953493188464
