term,coef,p_value
precip_mm,1.1494056355284599,0.005187370973027574
snowfall_cm,11.725618231541969,0.005840646393779331
mean_temp_c,-0.23728968783107668,0.5824066189538388
is_weekend_int,-34.8579166365803,7.391415401140089e-20
