model,r2,rmse,mae
XGBoost Regressor,0.10421079397201538,90.02533009433373,63.22943878173828
Random Forest Regressor,0.09307610483881257,90.58310705819343,63.76044504740155
Linear Regression,0.06904084934348154,91.7755727294064,63.5695585508475
Decision Tree Regressor,-0.01996971311618778,96.06284153346724,66.68059568140542
