feature,importance
mean_temp_c,0.28244145877818655
gust_speed,0.2247133217672697
precip_mm,0.15378699919662547
precip_intensity,0.11923934510138094
snowfall_cm,0.08666967168117615
month_num,0.07587328459517483
is_weekend_int,0.0572759188801864
