model,r2,rmse,mae
Random Forest Regressor,0.09159336555837805,95.51401904178736,67.77445470131977
XGBoost Regressor,0.08288857609383982,95.97055859818482,67.96784292805042
Linear Regression,0.06350765454206309,96.97930936988075,67.64171189514228
Decision Tree Regressor,0.05661902763437654,97.3353348444561,68.490653818068
