feature,importance
mean_temp_c,0.26194563601771004
gust_speed,0.21435246746502454
snowfall_cm,0.1775044878533968
precip_mm,0.11162844655553951
precip_intensity,0.10711426570464402
month_num,0.07665481439565143
is_weekend_int,0.05079988200803373
