feature,importance
mean_temp_c,0.24576938729408948
gust_speed,0.22460353117599835
precip_intensity,0.13856644725218678
precip_mm,0.1367392655570677
month_num,0.10265711838355139
is_weekend_int,0.0791465802274206
snowfall_cm,0.0725176701096857
