model,r2,rmse,mae
Random Forest Regressor,0.09159336555837805,95.51401904178736,67.77445470131977
Linear Regression,0.0635076545420632,96.97930936988074,67.64171189514228
