feature,importance
mean_temp_c,0.25640258576715186
gust_speed,0.21127470243872049
precip_intensity,0.14805895541321643
precip_mm,0.13440372563009914
month_num,0.107789501390796
is_weekend_int,0.0806729537597251
snowfall_cm,0.06139757560029088
